gM,rbM,rI,gI,bI
-2.5511495706424583,-2.1965368344461282,-1.035491941170552,-1.399592655122918,-1.1967644807080984
