gM,rbM,rI,gI,bI
3,2,0.054901960784313725,0.054901960784313725,0.054901960784313725
2,1,0.054901960784313725,0.054901960784313725,0.054901960784313725
3,3,0.054901960784313725,0.054901960784313725,0.054901960784313725
2,2,0.054901960784313725,0.054901960784313725,0.054901960784313725
2,1,0.050980392156862744,0.054901960784313725,0.054901960784313725
2,3,0.054901960784313725,0.054901960784313725,0.054901960784313725
3,2,0.050980392156862744,0.054901960784313725,0.054901960784313725
