gM,rbM,rI,gI,bI
8,5,0.1607843137254902,0.10588235294117647,0.1607843137254902
