gM,rbM,rI,gI,bI
4.931672690208709,1.692729307433702,-0.7453987860761028,-1.2296337084396582,-0.7692662542487475
