gM,rbM,rI,gI,bI
2,3,0.054901960784313725,0.054901960784313725,0.054901960784313725
