gM,rbM,rI,gI,bI
-2.6895321362104707,-3.46064451880363,1.3629234477079488,0.5650131626078392,0.9815919906794213
