gMMean,gMSD,rbMMean,rMSD,gIMean,rIMean,bIMean,gISD,rISD,bISD
2.9187643333058526,0.5575495241522799,2.9249089310937846,0.5085379930487551,61.19386295670264,57.23989078143284,65.07632297490574,27.97481207401178,22.56921272452752,26.409829411047724
