gM,rbM,rI,gI,bI
0.6666666666666666,0.6666666666666666,0.054901960784313725,0.054901960784313725,0.054901960784313725
1.0,0.6666666666666666,0.054901960784313725,0.054901960784313725,0.054901960784313725
